Navigator.prototype.getBattery, promise
Navigator.prototype.sendBeacon, method
CanvasRenderingContext2D.prototype.save, method
CanvasRenderingContext2D.prototype.restore, method
CanvasRenderingContext2D.prototype.scale, method
CanvasRenderingContext2D.prototype.rotate, method
CanvasRenderingContext2D.prototype.translate, method
CanvasRenderingContext2D.prototype.transform, method
CanvasRenderingContext2D.prototype.setTransform, method
CanvasRenderingContext2D.prototype.resetTransform, method
CanvasRenderingContext2D.prototype.createLinearGradient, method
CanvasRenderingContext2D.prototype.createRadialGradient, method
CanvasRenderingContext2D.prototype.createPattern, method
CanvasRenderingContext2D.prototype.clearRect, method
CanvasRenderingContext2D.prototype.fillRect, method
CanvasRenderingContext2D.prototype.strokeRect, method
CanvasRenderingContext2D.prototype.beginPath, method
CanvasRenderingContext2D.prototype.clip, method
CanvasRenderingContext2D.prototype.createImageData, method
CanvasRenderingContext2D.prototype.drawFocusIfNeeded, method
CanvasRenderingContext2D.prototype.drawImage, method
CanvasRenderingContext2D.prototype.fill, method
CanvasRenderingContext2D.prototype.fillText, method
CanvasRenderingContext2D.prototype.getImageData, method
CanvasRenderingContext2D.prototype.isPointInPath, method
CanvasRenderingContext2D.prototype.isPointInStroke, method
CanvasRenderingContext2D.prototype.measureText, method
CanvasRenderingContext2D.prototype.putImageData, method
CanvasRenderingContext2D.prototype.stroke, method
CanvasRenderingContext2D.prototype.strokeText, method
CanvasRenderingContext2D.prototype.setLineDash, method
CanvasRenderingContext2D.prototype.getLineDash, method
CanvasRenderingContext2D.prototype.closePath, method
CanvasRenderingContext2D.prototype.moveTo, method
CanvasRenderingContext2D.prototype.lineTo, method
CanvasRenderingContext2D.prototype.quadraticCurveTo, method
CanvasRenderingContext2D.prototype.bezierCurveTo, method
CanvasRenderingContext2D.prototype.arcTo, method
CanvasRenderingContext2D.prototype.rect, method
CanvasRenderingContext2D.prototype.arc, method
CanvasGradient.prototype.addColorStop, method
CanvasPattern.prototype.setTransform, method
Path2D.prototype.addPath, method
CSS.supports, method
FontFace.prototype.load, promise
FontFaceSet.prototype.add, method
FontFaceSet.prototype.delete, method
FontFaceSet.prototype.clear, method
FontFaceSet.prototype.check, method
FontFaceSet.prototype.load, promise
Document.prototype.fonts, property
MediaList.prototype.item, method
MediaList.prototype.appendMedium, method
MediaList.prototype.deleteMedium, method
CSSStyleSheet.prototype.insertRule, method
CSSStyleSheet.prototype.deleteRule, method
StyleSheetList.prototype.item, method
CSSRuleList.prototype.item, method
CSSStyleDeclaration.prototype.item, method
CSSStyleDeclaration.prototype.getPropertyValue, method
CSSStyleDeclaration.prototype.getPropertyPriority, method
CSSStyleDeclaration.prototype.setProperty, method
CSSStyleDeclaration.prototype.removeProperty, method
Document.prototype.styleSheets, property
Document.prototype.selectedStyleSheetSet, property
Document.prototype.lastStyleSheetSet, property
Document.prototype.preferredStyleSheetSet, property
Document.prototype.styleSheetSets, property
Document.prototype.enableStyleSheetsForSet, method
window.getComputedStyle, method
CSS.escape, method
MediaQueryList.prototype.addListener, method
MediaQueryList.prototype.removeListener, method
CaretPosition.prototype.getClientRect, method
window.matchMedia, method
window.moveTo, method
window.moveBy, method
window.resizeTo, method
window.resizeBy, method
window.scroll, method
window.scrollTo, method
window.scrollBy, method
window.screen, property
window.innerWidth, property
window.innerHeight, property
window.scrollX, property
window.pageXOffset, property
window.scrollY, property
window.pageYOffset, property
window.screenX, property
window.screenY, property
window.outerWidth, property
window.outerHeight, property
window.devicePixelRatio, property
Element.prototype.getClientRects, method
Element.prototype.getBoundingClientRect, method
Element.prototype.scrollIntoView, method
Range.prototype.getClientRects, method
Range.prototype.getBoundingClientRect, method
Document.prototype.elementFromPoint, method
Document.prototype.caretPositionFromPoint, method
Element.prototype.insertAdjacentHTML, method
Range.prototype.createContextualFragment, method
DOMParser.prototype.parseFromString, method
XMLSerializer.prototype.serializeToString, method
Event.prototype.stopPropagation, method
Event.prototype.stopImmediatePropagation, method
Event.prototype.preventDefault, method
CustomEvent.prototype.initCustomEvent, method
EventTarget.prototype.removeEventListener, method
EventTarget.prototype.dispatchEvent, method
Document.prototype.children, property
Document.prototype.firstElementChild, property
Document.prototype.lastElementChild, property
Document.prototype.childElementCount, property
Document.prototype.implementation, property
Document.prototype.URL, property
Document.prototype.documentURI, property
Document.prototype.compatMode, property
Document.prototype.characterSet, property
Document.prototype.contentType, property
Document.prototype.doctype, property
Document.prototype.documentElement, property
Document.prototype.getElementById, method
Document.prototype.querySelector, method
Document.prototype.querySelectorAll, method
Document.prototype.getElementsByTagName, method
Document.prototype.getElementsByTagNameNS, method
Document.prototype.getElementsByClassName, method
Document.prototype.createElement, method
Document.prototype.createElementNS, method
Document.prototype.createDocumentFragment, method
Document.prototype.createTextNode, method
Document.prototype.createComment, method
Document.prototype.createProcessingInstruction, method
Document.prototype.importNode, method
Document.prototype.adoptNode, method
Document.prototype.createAttribute, method
Document.prototype.createAttributeNS, method
Document.prototype.createEvent, method
Document.prototype.createRange, method
Document.prototype.createNodeIterator, method
Document.prototype.createTreeWalker, method
Element.prototype.querySelector, method
Element.prototype.querySelectorAll, method
Element.prototype.remove, method
Element.prototype.hasAttributes, method
Element.prototype.getAttribute, method
Element.prototype.getAttributeNS, method
Element.prototype.setAttribute, method
Element.prototype.setAttributeNS, method
Element.prototype.removeAttribute, method
Element.prototype.removeAttributeNS, method
Element.prototype.hasAttribute, method
Element.prototype.hasAttributeNS, method
Element.prototype.getAttributeNode, method
Element.prototype.getAttributeNodeNS, method
Element.prototype.setAttributeNode, method
Element.prototype.setAttributeNodeNS, method
Element.prototype.removeAttributeNode, method
Element.prototype.closest, method
Element.prototype.matches, method
Element.prototype.getElementsByTagName, method
Element.prototype.getElementsByTagNameNS, method
Element.prototype.getElementsByClassName, method
NodeList.prototype.item, method
HTMLCollection.prototype.item, method
HTMLCollection.prototype.namedItem, method
MutationObserver.prototype.observe, method
MutationObserver.prototype.disconnect, method
MutationObserver.prototype.takeRecords, method
Node.prototype.hasChildNodes, method
Node.prototype.normalize, method
Node.prototype.cloneNode, method
Node.prototype.isEqualNode, method
Node.prototype.compareDocumentPosition, method
Node.prototype.contains, method
Node.prototype.lookupPrefix, method
Node.prototype.lookupNamespaceURI, method
Node.prototype.isDefaultNamespace, method
Node.prototype.insertBefore, method
Node.prototype.appendChild, method
Node.prototype.replaceChild, method
Node.prototype.removeChild, method
NamedNodeMap.prototype.getNamedItem, method
NamedNodeMap.prototype.getNamedItemNS, method
NamedNodeMap.prototype.setNamedItem, method
NamedNodeMap.prototype.setNamedItemNS, method
NamedNodeMap.prototype.removeNamedItem, method
NamedNodeMap.prototype.removeNamedItemNS, method
CharacterData.prototype.substringData, method
CharacterData.prototype.appendData, method
CharacterData.prototype.insertData, method
CharacterData.prototype.deleteData, method
CharacterData.prototype.replaceData, method
Text.prototype.splitText, method
Range.prototype.setStart, method
Range.prototype.setEnd, method
Range.prototype.setStartBefore, method
Range.prototype.setStartAfter, method
Range.prototype.setEndBefore, method
Range.prototype.setEndAfter, method
Range.prototype.collapse, method
Range.prototype.selectNode, method
Range.prototype.selectNodeContents, method
Range.prototype.compareBoundaryPoints, method
Range.prototype.deleteContents, method
Range.prototype.extractContents, method
Range.prototype.cloneContents, method
Range.prototype.insertNode, method
Range.prototype.surroundContents, method
Range.prototype.cloneRange, method
Range.prototype.detach, method
Range.prototype.isPointInRange, method
Range.prototype.comparePoint, method
Range.prototype.intersectsNode, method
NodeIterator.prototype.nextNode, method
NodeIterator.prototype.previousNode, method
NodeIterator.prototype.detach, method
TreeWalker.prototype.parentNode, method
TreeWalker.prototype.firstChild, method
TreeWalker.prototype.lastChild, method
TreeWalker.prototype.previousSibling, method
TreeWalker.prototype.nextSibling, method
TreeWalker.prototype.previousNode, method
TreeWalker.prototype.nextNode, method
DOMTokenList.prototype.item, method
DOMTokenList.prototype.contains, method
DOMTokenList.prototype.add, method
DOMTokenList.prototype.remove, method
DOMTokenList.prototype.toggle, method
DOMMatrix.prototype.translate, method
DOMMatrix.prototype.scale, method
DOMMatrix.prototype.scale3d, method
DOMMatrix.prototype.scaleNonUniform, method
DOMMatrix.prototype.rotate, method
DOMMatrix.prototype.rotateFromVector, method
DOMMatrix.prototype.rotateAxisAngle, method
DOMMatrix.prototype.skewX, method
DOMMatrix.prototype.skewY, method
DOMMatrix.prototype.multiply, method
DOMMatrix.prototype.flipX, method
DOMMatrix.prototype.flipY, method
DOMMatrix.prototype.inverse, method
DOMMatrix.prototype.multiplySelf, method
DOMMatrix.prototype.preMultiplySelf, method
DOMMatrix.prototype.translateSelf, method
DOMMatrix.prototype.scaleSelf, method
DOMMatrix.prototype.scale3dSelf, method
DOMMatrix.prototype.scaleNonUniformSelf, method
DOMMatrix.prototype.rotateSelf, method
DOMMatrix.prototype.rotateFromVectorSelf, method
DOMMatrix.prototype.rotateAxisAngleSelf, method
DOMMatrix.prototype.skewXSelf, method
DOMMatrix.prototype.skewYSelf, method
DOMMatrix.prototype.transformPoint, method
DOMMatrix.prototype.toFloat32Array, method
DOMMatrix.prototype.toFloat64Array, method
DataTransfer.prototype.setDragImage, method
DataTransfer.prototype.getData, method
DataTransfer.prototype.setData, method
DataTransfer.prototype.clearData, method
Navigator.prototype.requestMediaKeySystemAccess, promise
HTMLMediaElement.prototype.setMediaKeys, promise
MediaKeySystemAccess.prototype.getConfiguration, method
MediaKeySystemAccess.prototype.createMediaKeys, promise
MediaKeys.prototype.createSession, method
MediaKeys.prototype.setServerCertificate, promise
MediaKeySession.prototype.generateRequest, promise
MediaKeySession.prototype.load, promise
MediaKeySession.prototype.update, promise
MediaKeySession.prototype.close, promise
MediaKeySession.prototype.remove, promise
Headers.prototype.append, method
Headers.prototype.delete, method
Headers.prototype.get, method
Headers.prototype.getAll, method
Headers.prototype.has, method
Headers.prototype.set, method
Request.prototype.clone, method
Response.prototype.clone, method
window.fetch, promise
FileReader.prototype.readAsArrayBuffer, method
FileReader.prototype.readAsText, method
FileReader.prototype.readAsDataURL, method
FileReader.prototype.abort, method
Navigator.prototype.getGamepads, method
Performance.prototype.now, method
HTMLCanvasElement.prototype.getContext, method
HTMLCanvasElement.prototype.toDataURL, method
HTMLCanvasElement.prototype.toBlob, method
MessagePort.prototype.postMessage, method
MessagePort.prototype.start, method
MessagePort.prototype.close, method
window.postMessage, method
window.external, property
window.focus, method
window.blur, method
External.prototype.AddSearchProvider, method
External.prototype.IsSearchProviderInstalled, method
Navigator.prototype.appCodeName, property
Navigator.prototype.appName, property
Navigator.prototype.appVersion, property
Navigator.prototype.platform, property
Navigator.prototype.product, property
Navigator.prototype.userAgent, property
Navigator.prototype.language, property
Navigator.prototype.onLine, property
Navigator.prototype.cookieEnabled, property
Navigator.prototype.plugins, property
Navigator.prototype.mimeTypes, property
Navigator.prototype.javaEnabled, property
Navigator.prototype.taintEnabled, method
Navigator.prototype.registerProtocolHandler, method
Navigator.prototype.registerContentHandler, method
PluginArray.prototype.refresh, method
PluginArray.prototype.item, method
PluginArray.prototype.namedItem, method
MimeTypeArray.prototype.item, method
MimeTypeArray.prototype.namedItem, method
Plugin.prototype.item, method
Plugin.prototype.namedItem, method
document.domain, property
Document.prototype.referrer, property
document.cookie, property
Document.prototype.lastModified, property
Document.prototype.readyState, property
Document.prototype.title, property
Document.prototype.dir, property
document.body, property
document.head, property
document.images, property
document.embeds, property
document.plugins, property
document.links, property
document.forms, property
document.scripts, property
Document.prototype.defaultView, property
Document.prototype.activeElement, property
document.designMode, property
document.getElementsByName, method
document.open, method
document.close, method
document.write, method
document.writeln, method
Document.prototype.hasFocus, method
document.execCommand, method
document.queryCommandEnabled, method
document.queryCommandIndeterm, method
document.queryCommandState, method
document.queryCommandSupported, method
document.queryCommandValue, method
HTMLElement.prototype.click, method
HTMLElement.prototype.focus, method
HTMLElement.prototype.blur, method
IDBKeyRange.only, method
IDBKeyRange.lowerBound, method
IDBKeyRange.upperBound, method
IDBKeyRange.bound, method
IDBFactory.prototype.open, method
IDBFactory.prototype.deleteDatabase, method
IDBFactory.prototype.cmp, method
IDBDatabase.prototype.createObjectStore, method
IDBDatabase.prototype.deleteObjectStore, method
IDBDatabase.prototype.transaction, method
IDBDatabase.prototype.close, method
IDBObjectStore.prototype.put, method
IDBObjectStore.prototype.add, method
IDBObjectStore.prototype.delete, method
IDBObjectStore.prototype.get, method
IDBObjectStore.prototype.clear, method
IDBObjectStore.prototype.openCursor, method
IDBObjectStore.prototype.createIndex, method
IDBObjectStore.prototype.index, method
IDBObjectStore.prototype.deleteIndex, method
IDBObjectStore.prototype.count, method
IDBIndex.prototype.openCursor, method
IDBIndex.prototype.openKeyCursor, method
IDBIndex.prototype.get, method
IDBIndex.prototype.getKey, method
IDBIndex.prototype.count, method
IDBCursor.prototype.update, method
IDBCursor.prototype.advance, method
IDBCursor.prototype.continue, method
IDBCursor.prototype.delete, method
IDBTransaction.prototype.objectStore, method
IDBTransaction.prototype.abort, method
window.indexedDB, property
MediaStreamTrack.prototype.stop, method
MediaStreamTrack.prototype.applyConstraints, method
MediaStream.prototype.getAudioTracks, method
MediaStream.prototype.getVideoTracks, method
MediaStream.prototype.getTracks, method
MediaDevices.prototype.enumerateDevices, promise
MediaDevices.prototype.getUserMedia, promise
MediaRecorder.prototype.start, method
MediaRecorder.prototype.stop, method
MediaRecorder.prototype.pause, method
MediaRecorder.prototype.resume, method
MediaRecorder.prototype.requestData, method
PerformanceTiming.prototype.navigationStart, property
PerformanceTiming.prototype.unloadEventStart, property
PerformanceTiming.prototype.unloadEventEnd, property
PerformanceTiming.prototype.redirectStart, property
PerformanceTiming.prototype.redirectEnd, property
PerformanceTiming.prototype.fetchStart, property
PerformanceTiming.prototype.domainLookupStart, property
PerformanceTiming.prototype.domainLookupEnd, property
PerformanceTiming.prototype.connectStart, property
PerformanceTiming.prototype.connectEnd, property
PerformanceTiming.prototype.requestStart, property
PerformanceTiming.prototype.responseStart, property
PerformanceTiming.prototype.responseEnd, property
PerformanceTiming.prototype.domLoading, property
PerformanceTiming.prototype.domInteractive, property
PerformanceTiming.prototype.domContentLoadedEventStart, property
PerformanceTiming.prototype.domContentLoadedEventEnd, property
PerformanceTiming.prototype.domComplete, property
PerformanceTiming.prototype.loadEventStart, property
PerformanceTiming.prototype.loadEventEnd, property
PerformanceNavigation.prototype.type, property
PerformanceNavigation.prototype.redirectCount, property
Performance.prototype.timing, property
Performance.prototype.navigation, property
window.performance, property
Document.prototype.hidden, property
Document.prototype.visibilityState, property
ScreenOrientation.prototype.unlock, method
ScreenOrientation.prototype.lock, promise
EventSource.prototype.close, method
HTMLContentElement.prototype.getDistributedNodes, method
TimeEvent.prototype.initTimeEvent, method
SVGSVGElement.prototype.suspendRedraw, method
SVGSVGElement.prototype.unsuspendRedraw, method
SVGSVGElement.prototype.unsuspendRedrawAll, method
SVGSVGElement.prototype.forceRedraw, method
SVGSVGElement.prototype.pauseAnimations, method
SVGSVGElement.prototype.unpauseAnimations, method
SVGSVGElement.prototype.animationsPaused, method
SVGSVGElement.prototype.getCurrentTime, method
SVGSVGElement.prototype.setCurrentTime, method
SVGSVGElement.prototype.deselectAll, method
SVGSVGElement.prototype.createSVGNumber, method
SVGSVGElement.prototype.createSVGLength, method
SVGSVGElement.prototype.createSVGAngle, method
SVGSVGElement.prototype.createSVGPoint, method
SVGSVGElement.prototype.createSVGMatrix, method
SVGSVGElement.prototype.createSVGRect, method
SVGSVGElement.prototype.createSVGTransform, method
SVGSVGElement.prototype.createSVGTransformFromMatrix, method
SVGSVGElement.prototype.getElementById, method
SVGPoint.prototype.matrixTransform, method
SVGMatrix.prototype.multiply, method
SVGMatrix.prototype.translate, method
SVGMatrix.prototype.scale, method
SVGMatrix.prototype.scaleNonUniform, method
SVGMatrix.prototype.rotate, method
SVGMatrix.prototype.flipX, method
SVGMatrix.prototype.flipY, method
SVGMatrix.prototype.skewX, method
SVGMatrix.prototype.skewY, method
SVGTransform.prototype.setMatrix, method
SVGTransform.prototype.setTranslate, method
SVGTransform.prototype.setScale, method
SVGTransform.prototype.setRotate, method
SVGTransform.prototype.setSkewX, method
SVGTransform.prototype.setSkewY, method
SVGTransformList.prototype.clear, method
SVGTransformList.prototype.initialize, method
SVGTransformList.prototype.getItem, method
SVGTransformList.prototype.insertItemBefore, method
SVGTransformList.prototype.replaceItem, method
SVGTransformList.prototype.removeItem, method
SVGTransformList.prototype.appendItem, method
SVGTransformList.prototype.createSVGTransformFromMatrix, method
SVGTransformList.prototype.consolidate, method
SVGPathElement.prototype.getTotalLength, method
SVGPathElement.prototype.getPointAtLength, method
SVGPathElement.prototype.getPathSegAtLength, method
SVGPathElement.prototype.createSVGPathSegClosePath, method
SVGPathElement.prototype.createSVGPathSegMovetoAbs, method
SVGPathElement.prototype.createSVGPathSegMovetoRel, method
SVGPathElement.prototype.createSVGPathSegLinetoAbs, method
SVGPathElement.prototype.createSVGPathSegLinetoRel, method
SVGPathElement.prototype.createSVGPathSegCurvetoCubicAbs, method
SVGPathElement.prototype.createSVGPathSegCurvetoCubicRel, method
SVGPathElement.prototype.createSVGPathSegCurvetoQuadraticAbs, method
SVGPathElement.prototype.createSVGPathSegCurvetoQuadraticRel, method
SVGPathElement.prototype.createSVGPathSegArcAbs, method
SVGPathElement.prototype.createSVGPathSegArcRel, method
SVGPathElement.prototype.createSVGPathSegLinetoHorizontalAbs, method
SVGPathElement.prototype.createSVGPathSegLinetoHorizontalRel, method
SVGPathElement.prototype.createSVGPathSegLinetoVerticalAbs, method
SVGPathElement.prototype.createSVGPathSegLinetoVerticalRel, method
SVGPathElement.prototype.createSVGPathSegCurvetoCubicSmoothAbs, method
SVGPathElement.prototype.createSVGPathSegCurvetoCubicSmoothRel, method
SVGPathElement.prototype.createSVGPathSegCurvetoQuadraticSmoothAbs, method
SVGPathElement.prototype.createSVGPathSegCurvetoQuadraticSmoothRel, method
SVGTextContentElement.prototype.getNumberOfChars, method
SVGTextContentElement.prototype.getComputedTextLength, method
SVGTextContentElement.prototype.getSubStringLength, method
SVGTextContentElement.prototype.getStartPositionOfChar, method
SVGTextContentElement.prototype.getEndPositionOfChar, method
SVGTextContentElement.prototype.getExtentOfChar, method
SVGTextContentElement.prototype.getRotationOfChar, method
SVGTextContentElement.prototype.getCharNumAtPosition, method
SVGTextContentElement.prototype.selectSubString, method
SVGMarkerElement.prototype.setOrientToAuto, method
SVGMarkerElement.prototype.setOrientToAngle, method
SVGAnimationElement.prototype.getStartTime, method
SVGAnimationElement.prototype.getCurrentTime, method
SVGAnimationElement.prototype.getSimpleDuration, method
window.requestAnimationFrame, method
window.cancelAnimationFrame, method
Navigator.prototype.vibrate, method
AudioContext.prototype.createBuffer, method
AudioContext.prototype.decodeAudioData, method
AudioContext.prototype.createBufferSource, method
AudioContext.prototype.createMediaElementSource, method
AudioContext.prototype.createMediaStreamSource, method
AudioContext.prototype.createMediaStreamDestination, method
AudioContext.prototype.createScriptProcessor, method
AudioContext.prototype.createAnalyser, method
AudioContext.prototype.createGain, method
AudioContext.prototype.createDelay, method
AudioContext.prototype.createBiquadFilter, method
AudioContext.prototype.createWaveShaper, method
AudioContext.prototype.createPanner, method
AudioContext.prototype.createConvolver, method
AudioContext.prototype.createChannelSplitter, method
AudioContext.prototype.createChannelMerger, method
AudioContext.prototype.createDynamicsCompressor, method
AudioContext.prototype.createOscillator, method
AudioContext.prototype.createPeriodicWave, method
OfflineAudioContext.prototype.startRendering, method
AudioNode.prototype.connect, method
AudioNode.prototype.disconnect, method
AudioParam.prototype.setValueAtTime, method
AudioParam.prototype.linearRampToValueAtTime, method
AudioParam.prototype.exponentialRampToValueAtTime, method
AudioParam.prototype.setTargetAtTime, method
AudioParam.prototype.setValueCurveAtTime, method
AudioParam.prototype.cancelScheduledValues, method
AudioBuffer.prototype.getChannelData, method
AudioBufferSourceNode.prototype.start, method
AudioBufferSourceNode.prototype.stop, method
PannerNode.prototype.setPosition, method
PannerNode.prototype.setOrientation, method
PannerNode.prototype.setVelocity, method
AudioListener.prototype.setPosition, method
AudioListener.prototype.setOrientation, method
AudioListener.prototype.setVelocity, method
AnalyserNode.prototype.getFloatFrequencyData, method
AnalyserNode.prototype.getByteFrequencyData, method
AnalyserNode.prototype.getByteTimeDomainData, method
BiquadFilterNode.prototype.getFrequencyResponse, method
OscillatorNode.prototype.start, method
OscillatorNode.prototype.stop, method
OscillatorNode.prototype.setPeriodicWave, method
SubtleCrypto.prototype.encrypt, method
SubtleCrypto.prototype.decrypt, method
SubtleCrypto.prototype.sign, method
SubtleCrypto.prototype.verify, method
SubtleCrypto.prototype.digest, method
SubtleCrypto.prototype.generateKey, method
SubtleCrypto.prototype.deriveKey, method
SubtleCrypto.prototype.deriveBits, method
SubtleCrypto.prototype.importKey, method
SubtleCrypto.prototype.exportKey, method
SubtleCrypto.prototype.wrapKey, method
SubtleCrypto.prototype.unwrapKey, method
Crypto.prototype.getRandomValues, method
Notification.requestPermission, method
Notification.prototype.close, method
Storage.prototype.key, method
Storage.prototype.getItem, method
Storage.prototype.setItem, method
Storage.prototype.removeItem, method
Storage.prototype.clear, method
Worker.prototype.postMessage, method
Worker.prototype.terminate, method
WebGLRenderingContext.prototype.getContextAttributes, method
WebGLRenderingContext.prototype.isContextLost, method
WebGLRenderingContext.prototype.getSupportedExtensions, method
WebGLRenderingContext.prototype.getExtension, method
WebGLRenderingContext.prototype.activeTexture, method
WebGLRenderingContext.prototype.attachShader, method
WebGLRenderingContext.prototype.bindAttribLocation, method
WebGLRenderingContext.prototype.bindBuffer, method
WebGLRenderingContext.prototype.bindFramebuffer, method
WebGLRenderingContext.prototype.bindRenderbuffer, method
WebGLRenderingContext.prototype.bindTexture, method
WebGLRenderingContext.prototype.blendColor, method
WebGLRenderingContext.prototype.blendEquation, method
WebGLRenderingContext.prototype.blendEquationSeparate, method
WebGLRenderingContext.prototype.blendFunc, method
WebGLRenderingContext.prototype.blendFuncSeparate, method
WebGLRenderingContext.prototype.bufferData, method
WebGLRenderingContext.prototype.bufferSubData, method
WebGLRenderingContext.prototype.checkFramebufferStatus, method
WebGLRenderingContext.prototype.clear, method
WebGLRenderingContext.prototype.clearColor, method
WebGLRenderingContext.prototype.clearDepth, method
WebGLRenderingContext.prototype.clearStencil, method
WebGLRenderingContext.prototype.colorMask, method
WebGLRenderingContext.prototype.compileShader, method
WebGLRenderingContext.prototype.compressedTexImage2D, method
WebGLRenderingContext.prototype.compressedTexSubImage2D, method
WebGLRenderingContext.prototype.copyTexImage2D, method
WebGLRenderingContext.prototype.copyTexSubImage2D, method
WebGLRenderingContext.prototype.createBuffer, method
WebGLRenderingContext.prototype.createFramebuffer, method
WebGLRenderingContext.prototype.createProgram, method
WebGLRenderingContext.prototype.createRenderbuffer, method
WebGLRenderingContext.prototype.createShader, method
WebGLRenderingContext.prototype.createTexture, method
WebGLRenderingContext.prototype.cullFace, method
WebGLRenderingContext.prototype.deleteBuffer, method
WebGLRenderingContext.prototype.deleteFramebuffer, method
WebGLRenderingContext.prototype.deleteProgram, method
WebGLRenderingContext.prototype.deleteRenderbuffer, method
WebGLRenderingContext.prototype.deleteShader, method
WebGLRenderingContext.prototype.deleteTexture, method
WebGLRenderingContext.prototype.depthFunc, method
WebGLRenderingContext.prototype.depthMask, method
WebGLRenderingContext.prototype.depthRange, method
WebGLRenderingContext.prototype.detachShader, method
WebGLRenderingContext.prototype.disable, method
WebGLRenderingContext.prototype.disableVertexAttribArray, method
WebGLRenderingContext.prototype.drawArrays, method
WebGLRenderingContext.prototype.drawElements, method
WebGLRenderingContext.prototype.enable, method
WebGLRenderingContext.prototype.enableVertexAttribArray, method
WebGLRenderingContext.prototype.finish, method
WebGLRenderingContext.prototype.flush, method
WebGLRenderingContext.prototype.framebufferRenderbuffer, method
WebGLRenderingContext.prototype.framebufferTexture2D, method
WebGLRenderingContext.prototype.frontFace, method
WebGLRenderingContext.prototype.generateMipmap, method
WebGLRenderingContext.prototype.getActiveAttrib, method
WebGLRenderingContext.prototype.getActiveUniform, method
WebGLRenderingContext.prototype.getAttachedShaders, method
WebGLRenderingContext.prototype.getBufferParameter, method
WebGLRenderingContext.prototype.getParameter, method
WebGLRenderingContext.prototype.getFramebufferAttachmentParameter, method
WebGLRenderingContext.prototype.getProgramParameter, method
WebGLRenderingContext.prototype.getProgramInfoLog, method
WebGLRenderingContext.prototype.getRenderbufferParameter, method
WebGLRenderingContext.prototype.getShaderParameter, method
WebGLRenderingContext.prototype.getShaderPrecisionFormat, method
WebGLRenderingContext.prototype.getShaderInfoLog, method
WebGLRenderingContext.prototype.getShaderSource, method
WebGLRenderingContext.prototype.getTexParameter, method
WebGLRenderingContext.prototype.getUniform, method
WebGLRenderingContext.prototype.getUniformLocation, method
WebGLRenderingContext.prototype.getVertexAttrib, method
WebGLRenderingContext.prototype.hint, method
WebGLRenderingContext.prototype.isBuffer, method
WebGLRenderingContext.prototype.isEnabled, method
WebGLRenderingContext.prototype.isFramebuffer, method
WebGLRenderingContext.prototype.isProgram, method
WebGLRenderingContext.prototype.isRenderbuffer, method
WebGLRenderingContext.prototype.isShader, method
WebGLRenderingContext.prototype.isTexture, method
WebGLRenderingContext.prototype.lineWidth, method
WebGLRenderingContext.prototype.linkProgram, method
WebGLRenderingContext.prototype.pixelStorei, method
WebGLRenderingContext.prototype.polygonOffset, method
WebGLRenderingContext.prototype.readPixels, method
WebGLRenderingContext.prototype.renderbufferStorage, method
WebGLRenderingContext.prototype.sampleCoverage, method
WebGLRenderingContext.prototype.scissor, method
WebGLRenderingContext.prototype.shaderSource, method
WebGLRenderingContext.prototype.stencilFunc, method
WebGLRenderingContext.prototype.stencilFuncSeparate, method
WebGLRenderingContext.prototype.stencilMask, method
WebGLRenderingContext.prototype.stencilMaskSeparate, method
WebGLRenderingContext.prototype.stencilOp, method
WebGLRenderingContext.prototype.stencilOpSeparate, method
WebGLRenderingContext.prototype.texImage2D, method
WebGLRenderingContext.prototype.texParameterf, method
WebGLRenderingContext.prototype.texParameteri, method
WebGLRenderingContext.prototype.texSubImage2D, method
WebGLRenderingContext.prototype.uniform1f, method
WebGLRenderingContext.prototype.uniform1fv, method
WebGLRenderingContext.prototype.uniform1i, method
WebGLRenderingContext.prototype.uniform1iv, method
WebGLRenderingContext.prototype.uniform2f, method
WebGLRenderingContext.prototype.uniform2fv, method
WebGLRenderingContext.prototype.uniform2i, method
WebGLRenderingContext.prototype.uniform2iv, method
WebGLRenderingContext.prototype.uniform3f, method
WebGLRenderingContext.prototype.uniform3fv, method
WebGLRenderingContext.prototype.uniform3i, method
WebGLRenderingContext.prototype.uniform3iv, method
WebGLRenderingContext.prototype.uniform4f, method
WebGLRenderingContext.prototype.uniform4fv, method
WebGLRenderingContext.prototype.uniform4i, method
WebGLRenderingContext.prototype.uniform4iv, method
WebGLRenderingContext.prototype.uniformMatrix2fv, method
WebGLRenderingContext.prototype.uniformMatrix3fv, method
WebGLRenderingContext.prototype.uniformMatrix4fv, method
WebGLRenderingContext.prototype.useProgram, method
WebGLRenderingContext.prototype.validateProgram, method
WebGLRenderingContext.prototype.vertexAttrib1f, method
WebGLRenderingContext.prototype.vertexAttrib1fv, method
WebGLRenderingContext.prototype.vertexAttrib2f, method
WebGLRenderingContext.prototype.vertexAttrib2fv, method
WebGLRenderingContext.prototype.vertexAttrib3f, method
WebGLRenderingContext.prototype.vertexAttrib3fv, method
WebGLRenderingContext.prototype.vertexAttrib4f, method
WebGLRenderingContext.prototype.vertexAttrib4fv, method
WebGLRenderingContext.prototype.vertexAttribPointer, method
WebGLRenderingContext.prototype.viewport, method
WebSocket.prototype.close, method
WebSocket.prototype.send, method
XMLHttpRequest.prototype.open, method
XMLHttpRequest.prototype.setRequestHeader, method
XMLHttpRequest.prototype.send, method
XMLHttpRequest.prototype.abort, method
XMLHttpRequest.prototype.getResponseHeader, method
XMLHttpRequest.prototype.getAllResponseHeaders, method
XMLHttpRequest.prototype.overrideMimeType, method
FormData.prototype.append, method
Blob.prototype.slice, method
HTMLVideoElement.prototype.getVideoPlaybackQuality, method
SVGStringList.prototype.clear, method
SVGStringList.prototype.initialize, method
SVGStringList.prototype.getItem, method
SVGStringList.prototype.insertItemBefore, method
SVGStringList.prototype.replaceItem, method
SVGStringList.prototype.removeItem, method
SVGStringList.prototype.appendItem, method
SVGNumberList.prototype.clear, method
SVGNumberList.prototype.initialize, method
SVGNumberList.prototype.getItem, method
SVGNumberList.prototype.insertItemBefore, method
SVGNumberList.prototype.replaceItem, method
SVGNumberList.prototype.removeItem, method
SVGNumberList.prototype.appendItem, method
SVGLengthList.prototype.clear, method
SVGLengthList.prototype.initialize, method
SVGLengthList.prototype.getItem, method
SVGLengthList.prototype.insertItemBefore, method
SVGLengthList.prototype.replaceItem, method
SVGLengthList.prototype.removeItem, method
SVGLengthList.prototype.appendItem, method
SVGPointList.prototype.clear, method
SVGPointList.prototype.initialize, method
SVGPointList.prototype.getItem, method
SVGPointList.prototype.insertItemBefore, method
SVGPointList.prototype.replaceItem, method
SVGPointList.prototype.removeItem, method
SVGPointList.prototype.appendItem, method
SVGPathSegList.prototype.clear, method
SVGPathSegList.prototype.initialize, method
SVGPathSegList.prototype.getItem, method
SVGPathSegList.prototype.insertItemBefore, method
SVGPathSegList.prototype.replaceItem, method
SVGPathSegList.prototype.removeItem, method
SVGPathSegList.prototype.appendItem, method
SVGLength.prototype.newValueSpecifiedUnits, method
SVGLength.prototype.convertToSpecifiedUnits, method
SVGAngle.prototype.newValueSpecifiedUnits, method
SVGAngle.prototype.convertToSpecifiedUnits, method
